{"merged_addresses_active_count": 0.7046839825257488, "merged_addresses_new_non_zero_count": 0.6363919391034455, "merged_fees_volume_sum": -0.024232131048683204, "merged_indicators_sopr": 0.06494546689542709, "merged_indicators_stock_to_flow_ratio": 0.8601354602977833, "merged_institutions_purpose_etf_aum_sum": 0.7376390209354532, "merged_institutions_purpose_etf_flows_sum": 0.052663047452587555, "merged_institutions_purpose_etf_holdings_sum": -0.23671647141150187, "merged_market_marketcap_usd": 0.999845555139694, "merged_market_price_drawdown_relative": 0.4918926549637083, "merged_supply_active_more_1y_percent": 0.36360117718530405, "merged_transactions_count": 0.4648125948719141, "merged_transactions_size_mean": 0.546653367551546, "Mining_Hashrate": 0.753212596284398, "Mining_Total Transaction Fees (BTC)": -0.025029176627316175, "On-Chain_unique-addresses": 0.6794343040763106, "merged_M2s": 0.8341512979642502, "dxy": 0.28650833999645864, "addressesCount_less_than_0_01": 0.7290262075714301, "addressesCount_f_0_01_to_0_1": 0.5614326880198521, "addressesCount_f_0_1_to_1": 0.48728848023682636, "addressesCount_f_1_to_10": 0.3961723749750195, "addressesCount_f_10_to_100": 0.7198257257614932, "addressesCount_f_100_to_1000": -0.46939986393939126, "addressesCount_f_1000_to_10000": 0.5876401349013552, "addressesCount_f_10000_to_100000": -0.8123841710918788, "totalVolume_less_than_0_01": 0.7120417640002287, "totalVolume_f_0_01_to_0_1": 0.5398813958242898, "totalVolume_f_0_1_to_1": 0.4732687771092786, "totalVolume_f_1_to_10": 0.33915886230018827, "totalVolume_f_10_to_100": 0.7717740222120957, "totalVolume_f_100_to_1000": 0.6751962386276051, "totalVolume_f_1000_to_10000": 0.5940230980685827, "totalVolume_f_10000_to_100000": -0.6001470282563057}