{"merged_addresses_active_count": 0.7041169393663363, "merged_addresses_new_non_zero_count": 0.6356823373061199, "merged_fees_volume_sum": -0.02393825402169299, "merged_indicators_sopr": 0.06470514154175576, "merged_indicators_stock_to_flow_ratio": 0.8604043693361753, "merged_institutions_purpose_etf_aum_sum": 0.7371657003316816, "merged_institutions_purpose_etf_flows_sum": 0.052865545503067435, "merged_institutions_purpose_etf_holdings_sum": -0.2374984753392627, "merged_market_marketcap_usd": 0.9998465171520863, "merged_supply_active_more_1y_percent": 0.3625094766659469, "merged_transactions_count": 0.4640914028383881, "merged_transactions_size_mean": 0.5536486709623619, "Mining_Hashrate": 0.7545137361364878, "Mining_Total Transaction Fees (BTC)": -0.02463970469218787, "On-Chain_unique-addresses": 0.6786323500499182, "merged_M2s": 0.8341512979642502, "dxy": 0.2857330759829787, "addressesCount_less_than_0_01": 0.7309208751791545, "addressesCount_f_0_01_to_0_1": 0.5637098421342339, "addressesCount_f_0_1_to_1": 0.49074004934346577, "addressesCount_f_1_to_10": 0.39971240634897914, "addressesCount_f_10_to_100": 0.7220104070034703, "addressesCount_f_100_to_1000": -0.4696891694979818, "addressesCount_f_1000_to_10000": 0.5882112032070773, "addressesCount_f_10000_to_100000": -0.814401293882881, "totalVolume_less_than_0_01": 0.7129026325946831, "totalVolume_f_0_01_to_0_1": 0.5425804929859651, "totalVolume_f_0_1_to_1": 0.47681921331725013, "totalVolume_f_1_to_10": 0.34252539623862066, "totalVolume_f_10_to_100": 0.7733483844107766, "totalVolume_f_100_to_1000": 0.6735545424484679, "totalVolume_f_1000_to_10000": 0.5943557723662132, "totalVolume_f_10000_to_100000": -0.601373294249351}