{"merged_addresses_active_count": 0.7042636592574942, "merged_addresses_new_non_zero_count": 0.6358682226296178, "merged_fees_volume_sum": -0.023992020091676534, "merged_indicators_sopr": 0.06481781751348685, "merged_indicators_stock_to_flow_ratio": 0.8603396759211184, "merged_institutions_purpose_etf_aum_sum": 0.7373394186783627, "merged_institutions_purpose_etf_flows_sum": 0.052816363930599, "merged_institutions_purpose_etf_holdings_sum": -0.23721186581940734, "merged_market_marketcap_usd": 0.999846320794633, "merged_market_price_drawdown_relative": 0.49234488990547187, "merged_supply_active_more_1y_percent": 0.36271976586829857, "merged_transactions_count": 0.46428295732257513, "merged_transactions_size_mean": 0.5528486682213871, "Mining_Hashrate": 0.7545137361364878, "Mining_Total Transaction Fees (BTC)": -0.02463970469218787, "On-Chain_unique-addresses": 0.6790570200225449, "addressesCount_less_than_0_01": 0.7305607146698836, "addressesCount_f_0_01_to_0_1": 0.5632669025764993, "addressesCount_f_0_1_to_1": 0.4900689722279696, "addressesCount_f_1_to_10": 0.39902638050242034, "addressesCount_f_10_to_100": 0.7215861089146117, "addressesCount_f_100_to_1000": -0.46963302540500923, "addressesCount_f_1000_to_10000": 0.5880932326270689, "addressesCount_f_10000_to_100000": -0.814021649647537, "totalVolume_less_than_0_01": 0.7127428300913591, "totalVolume_f_0_01_to_0_1": 0.542054512265379, "totalVolume_f_0_1_to_1": 0.476130389893141, "totalVolume_f_1_to_10": 0.34187115242715327, "totalVolume_f_10_to_100": 0.7730434835860325, "totalVolume_f_100_to_1000": 0.6739005003850638, "totalVolume_f_1000_to_10000": 0.5942830688264619, "totalVolume_f_10000_to_100000": -0.6011209212312564}